,Product Names,Prices,Description,Ratings
1,"SAMSUNG Galaxy F04 (Opal Green, 64 GB)","INR  7,299",4 GB RAM | 64 GB ROM | Expandable Upto 1 TB16.51 cm (6.5 inch) HD Display13MP + 2MP | 5MP Front Camera5000 mAh Lithium-Ion BatteryMediatek Helio P35 Processor1 Year Manufacturer Warranty for Device and 6 Months Manufacturer Warranty for In-Box Accessories,4.2
2,"SAMSUNG Galaxy F13 (Waterfall Blue, 128 GB)","INR  10,699",4 GB RAM | 128 GB ROM | Expandable Upto 1 TB16.76 cm (6.6 inch) Full HD+ Display50MP + 5MP + 2MP | 8MP Front Camera6000 mAh Lithium Ion BatteryExynos 850 Processor1 Year Warranty Provided By the Manufacturer from Date of Purchase,4.3
3,"SAMSUNG Galaxy F13 (Waterfall Blue, 64 GB)","INR  9,699",4 GB RAM | 64 GB ROM | Expandable Upto 1 TB16.76 cm (6.6 inch) Full HD+ Display50MP + 5MP + 2MP | 8MP Front Camera6000 mAh Lithium Ion BatteryExynos 850 Processor1 Year Warranty Provided By the Manufacturer from Date of Purchase,4.3
4,"SAMSUNG Galaxy F13 (Nightsky Green, 128 GB)","INR  10,699",4 GB RAM | 128 GB ROM | Expandable Upto 1 TB16.76 cm (6.6 inch) Full HD+ Display50MP + 5MP + 2MP | 8MP Front Camera6000 mAh Lithium Ion BatteryExynos 850 Processor1 Year Warranty Provided By the Manufacturer from Date of Purchase,4.3
5,"MOTOROLA G32 (Mineral Gray, 128 GB)","INR  11,999",8 GB RAM | 128 GB ROM16.64 cm (6.55 inch) Full HD+ Display50MP + 8MP + 2MP | 16MP Front Camera5000 mAh BatteryQualcomm Snapdragon 680 Processor1 Year on Handset and 6 Months on Accessories,4.1
6,"vivo T2x 5G (Marine Blue, 128 GB)","INR  13,999",6 GB RAM | 128 GB ROM16.71 cm (6.58 inch) Full HD+ Display50MP + 2MP | 8MP Front Camera5000 mAh BatteryDimensity 6020 Processor1 Year of Device & 6 Months for Inbox Accessories,4.5
7,"vivo T2x 5G (Glimmer Black, 128 GB)","INR  13,999",6 GB RAM | 128 GB ROM16.71 cm (6.58 inch) Full HD+ Display50MP + 2MP | 8MP Front Camera5000 mAh BatteryDimensity 6020 Processor1 Year of Device & 6 Months for Inbox Accessories,4.5
8,"vivo T2x 5G (Marine Blue, 128 GB)","INR  12,999",4 GB RAM | 128 GB ROM16.71 cm (6.58 inch) Full HD+ Display50MP + 2MP | 8MP Front Camera5000 mAh BatteryDimensity 6020 Processor1 Year of Device & 6 Months for Inbox Accessories,4.5
9,"vivo T2x 5G (Glimmer Black, 128 GB)","INR  12,999",4 GB RAM | 128 GB ROM16.71 cm (6.58 inch) Full HD+ Display50MP + 2MP | 8MP Front Camera5000 mAh BatteryDimensity 6020 Processor1 Year of Device & 6 Months for Inbox Accessories,4.5
10,"vivo T2x 5G (Aurora Gold, 128 GB)","INR  13,999",6 GB RAM | 128 GB ROM16.71 cm (6.58 inch) Full HD+ Display50MP + 2MP | 8MP Front Camera5000 mAh BatteryDimensity 6020 Processor1 Year of Device & 6 Months for Inbox Accessories,4.5
11,"vivo T2x 5G (Aurora Gold, 128 GB)","INR  12,999",4 GB RAM | 128 GB ROM16.71 cm (6.58 inch) Full HD+ Display50MP + 2MP | 8MP Front Camera5000 mAh BatteryDimensity 6020 Processor1 Year of Device & 6 Months for Inbox Accessories,4.5
12,"realme C55 (Sunshower, 128 GB)","INR  13,999",8 GB RAM | 128 GB ROM | Expandable Upto 1 TB17.07 cm (6.72 inch) Full HD+ Display64MP + 2MP | 8MP Front Camera5000 mAh BatteryHelio G88 Processor1 Year Manufacturer Warranty for Phone and 6 Months Warranty for In the Box Accessories,4.4
13,"realme C55 (Rainy Night, 64 GB)","INR  11,999",6 GB RAM | 64 GB ROM | Expandable Upto 1 TB17.07 cm (6.72 inch) Full HD+ Display64MP + 2MP | 8MP Front Camera5000 mAh BatteryHelio G88 Processor1 Year Manufacturer Warranty for Phone and 6 Months Warranty for In the Box Accessories,4.3
14,"realme C55 (Rainforest, 64 GB)","INR  11,999",6 GB RAM | 64 GB ROM | Expandable Upto 1 TB17.07 cm (6.72 inch) Full HD+ Display64MP + 2MP | 8MP Front Camera5000 mAh BatteryHelio G88 Processor1 Year Manufacturer Warranty for Phone and 6 Months Warranty for In the Box Accessories,4.3
15,"realme C55 (Rainforest, 128 GB)","INR  13,999",8 GB RAM | 128 GB ROM | Expandable Upto 1 TB17.07 cm (6.72 inch) Full HD+ Display64MP + 2MP | 8MP Front Camera5000 mAh BatteryHelio G88 Processor1 Year Manufacturer Warranty for Phone and 6 Months Warranty for In the Box Accessories,4.4
16,"realme C55 (Rainy Night, 64 GB)","INR  10,999",4 GB RAM | 64 GB ROM | Expandable Upto 1 TB17.07 cm (6.72 inch) Full HD+ Display64MP + 2MP | 8MP Front Camera5000 mAh BatteryHelio G88 Processor1 Year Manufacturer Warranty for Phone and 6 Months Warranty for In the Box Accessories,4.4
17,"realme C55 (Rainforest, 64 GB)","INR  10,999",4 GB RAM | 64 GB ROM | Expandable Upto 1 TB17.07 cm (6.72 inch) Full HD+ Display64MP + 2MP | 8MP Front Camera5000 mAh BatteryHelio G88 Processor1 Year Manufacturer Warranty for Phone and 6 Months Warranty for In the Box Accessories,4.4
18,"realme C55 (Sunshower, 64 GB)","INR  10,999",4 GB RAM | 64 GB ROM | Expandable Upto 1 TB17.07 cm (6.72 inch) Full HD+ Display64MP + 2MP | 8MP Front Camera5000 mAh BatteryHelio G88 Processor1 Year Manufacturer Warranty for Phone and 6 Months Warranty for In the Box Accessories,4.4
19,"MOTOROLA G32 (Satin Silver, 128 GB)","INR  11,999",8 GB RAM | 128 GB ROM16.64 cm (6.55 inch) Full HD+ Display50MP + 8MP + 2MP | 16MP Front Camera5000 mAh BatteryQualcomm Snapdragon 680 Processor1 Year on Handset and 6 Months on Accessories,4.1
20,"realme C55 (Rainy Night, 128 GB)","INR  13,999",8 GB RAM | 128 GB ROM | Expandable Upto 1 TB17.07 cm (6.72 inch) Full HD+ Display64MP + 2MP | 8MP Front Camera5000 mAh BatteryHelio G88 Processor1 Year Manufacturer Warranty for Phone and 6 Months Warranty for In the Box Accessories,4.4
21,"realme C55 (Sunshower, 64 GB)","INR  11,999",6 GB RAM | 64 GB ROM | Expandable Upto 1 TB17.07 cm (6.72 inch) Full HD+ Display64MP + 2MP | 8MP Front Camera5000 mAh BatteryHelio G88 Processor1 Year Manufacturer Warranty for Phone and 6 Months Warranty for In the Box Accessories,4.3
22,"MOTOROLA g13 (Lavender Blue, 128 GB)","INR  9,999",4 GB RAM | 128 GB ROM | Expandable Upto 1 TB16.51 cm (6.5 inch) HD+ Display50MP + 2MP + 2MP | 8MP Front Camera5000 mAh BatteryHelio G85 Processor1 Year on Handset and 6 Months on Accessories,3.9
23,"POCO C55 (Forest Green, 128 GB)","INR  9,249",6 GB RAM | 128 GB ROM | Expandable Upto 1 TB17.04 cm (6.71 inch) HD+ Display50MP Dual Rear Camera | 5MP Front Camera5000 mAh BatteryMediatek Helio G85 Processor1 Year Manufacturer Warranty for Phone and 6 Months Warranty for In the Box Accessories,4.1
24,"POCO M4 5G (Cool Blue, 64 GB)","INR  11,999",4 GB RAM | 64 GB ROM | Expandable Upto 512 GB16.71 cm (6.58 inch) Full HD+ Display50MP + 2MP | 8MP Front Camera5000 mAh Lithium Ion Polymer BatteryMediatek Dimensity 700 Processor1 Year Warranty for Handset and 6 Months for Accessories,4.2
25,"POCO C55 (Cool Blue, 128 GB)","INR  9,249",6 GB RAM | 128 GB ROM | Expandable Upto 1 TB17.04 cm (6.71 inch) HD+ Display50MP Dual Rear Camera | 5MP Front Camera5000 mAh BatteryMediatek Helio G85 Processor1 Year Manufacturer Warranty for Phone and 6 Months Warranty for In the Box Accessories,4.1
26,"REDMI 10 (Caribbean Green, 128 GB)","INR  10,999",6 GB RAM | 128 GB ROM | Expandable Upto 1 TB17.02 cm (6.7 inch) HD+ Display50MP + 2MP | 5MP Front Camera6000 mAh Lithium Polymer BatteryQualcomm Snapdragon 680 Processor1 Year Warranty for Phone and 6 Months Warranty for In-Box Accessories,4.2
27,"REDMI A1+ (Light Green, 32 GB)","INR  6,599",3 GB RAM | 32 GB ROM | Expandable Upto 512 GB16.56 cm (6.52 inch) HD+ Display8MP Rear Camera | 5MP Front Camera5000 mAh Lithium Polymer BatteryMediatek Helio A22 Processor1 Year Manufacturer Warranty for Phone and 6 Months Warranty for in the Box Accessories,3.9
28,"realme 11 Pro+ 5G (Oasis Green, 256 GB)","INR  27,999",8 GB RAM | 256 GB ROM17.02 cm (6.7 inch) Full HD+ Display200MP + 8MP + 2MP | 32MP Front Camera5000 mAh BatteryDimensity 7050 Processor1 Year Manufacturer Warranty for Device and 6 Months Manufacturer Warranty for In-Box Accessories,4.2
29,"POCO M4 5G (Power Black, 128 GB)","INR  13,999",6 GB RAM | 128 GB ROM | Expandable Upto 512 GB16.71 cm (6.58 inch) Full HD+ Display50MP + 2MP | 8MP Front Camera5000 mAh Lithium Ion Polymer BatteryMediatek Dimensity 700 Processor1 Year Warranty for Handset and 6 Months for Accessories,4.2
30,"POCO M4 5G (Cool Blue, 128 GB)","INR  13,999",6 GB RAM | 128 GB ROM | Expandable Upto 512 GB16.71 cm (6.58 inch) Full HD+ Display50MP + 2MP | 8MP Front Camera5000 mAh Lithium Ion Polymer BatteryMediatek Dimensity 700 Processor1 Year Warranty for Handset and 6 Months for Accessories,4.2
31,"REDMI 10 (Pacific Blue, 128 GB)","INR  10,999",6 GB RAM | 128 GB ROM | Expandable Upto 1 TB17.02 cm (6.7 inch) HD+ Display50MP + 2MP | 5MP Front Camera6000 mAh Lithium Polymer BatteryQualcomm Snapdragon 680 Processor1 Year Warranty for Phone and 6 Months Warranty for In-Box Accessories,4.2
32,"POCO M4 Pro (Cool Blue, 128 GB)","INR  13,999","8 GB RAM | 128 GB ROM | Expandable Upto 1 TB16.33 cm (6.43 inch) Full HD+ AMOLED Display64MP + 8MP + 2MP | 16MP Front Camera5000 mAh Lithium-ion Polymer BatteryMediatek Helio G96 ProcessorOne Year for Handset, 6 Months for Accessories",4.2
33,"POCO M4 5G (Power Black, 64 GB)","INR  11,999",4 GB RAM | 64 GB ROM | Expandable Upto 512 GB16.71 cm (6.58 inch) Full HD+ Display50MP + 2MP | 8MP Front Camera5000 mAh Lithium Ion Polymer BatteryMediatek Dimensity 700 Processor1 Year Warranty for Handset and 6 Months for Accessories,4.2
34,"POCO M4 5G (Yellow, 64 GB)","INR  11,999",4 GB RAM | 64 GB ROM | Expandable Upto 512 GB16.71 cm (6.58 inch) Full HD+ Display50MP + 2MP | 8MP Front Camera5000 mAh Lithium Ion Polymer BatteryMediatek Dimensity 700 Processor1 Year Warranty for Handset and 6 Months for Accessories,4.4
35,"REDMI 11 Prime (Flashy Black, 64 GB)","INR  9,999",4 GB RAM | 64 GB ROM | Expandable Upto 512 GB16.71 cm (6.58 inch) Full HD+ Display50MP + 2MP + 2MP | 8MP Front Camera5000 mAh BatteryHelio G99 Processor1 Year Manufacturer Warranty for Phone and 6 Months Warranty for In the Box Accessories,4.4
36,"realme C33 2023 (Sandy Gold, 128 GB)","INR  10,499",4 GB RAM | 128 GB ROM | Expandable Upto 1 TB16.51 cm (6.5 inch) HD+ Display50MP + 0.3MP | 5MP Front Camera5000 mAh Lithium Ion BatteryUnisoc T612 Processor1 Year Manufacturer Warranty for Phone and 6 Months Warranty for In-Box Accessories,4.4
37,"realme C33 2023 (Aqua Blue, 128 GB)","INR  10,499",4 GB RAM | 128 GB ROM | Expandable Upto 1 TB16.51 cm (6.5 inch) HD+ Display50MP + 0.3MP | 5MP Front Camera5000 mAh Lithium Ion BatteryUnisoc T612 Processor1 Year Manufacturer Warranty for Phone and 6 Months Warranty for In-Box Accessories,4.5
38,"OPPO A17k (Blue, 64 GB)","INR  9,499",3 GB RAM | 64 GB ROM | Expandable Upto 2 TB16.66 cm (6.56 inch) HD+ Display8MP Rear Camera | 5MP Front Camera5000 mAh BatteryMediatek Helio P35 Processor1 Year on Handset and 6 Months on Accessories,4.2
39,"REDMI 9 Activ (Coral Green, 128 GB)","INR  9,499",6 GB RAM | 128 GB ROM | Expandable Upto 512 GB16.59 cm (6.53 inch) HD+ Display13MP + 2MP | 5MP Front Camera5000 mAh Lithium Polymer BatteryMediatek Helio G35 Processor1 Year Manufacturer Warranty for Phone and 6 Months Warranty for in the Box Accessories,4.4
40,"realme C33 2023 (Night Sea, 128 GB)","INR  10,499",4 GB RAM | 128 GB ROM | Expandable Upto 1 TB16.51 cm (6.5 inch) HD+ Display50MP + 0.3MP | 5MP Front Camera5000 mAh Lithium Ion BatteryUnisoc T612 Processor1 Year Manufacturer Warranty for Phone and 6 Months Warranty for In-Box Accessories,4.2
41,"SAMSUNG Galaxy F14 5G (GOAT Green, 128 GB)","INR  14,490","6 GB RAM | 128 GB ROM | Expandable Upto 1 TB16.76 cm (6.6 inch) Full HD+ Display50MP + 2MP | 13MP Front Camera6000 mAh BatteryExynos 1330, Octa Core Processor1 Year Manufacturer Warranty for Device and 6 Months Manufacturer Warranty for In-Box Accessories",4.2
42,"SAMSUNG Galaxy F14 5G (B.A.E. Purple, 128 GB)","INR  14,490","6 GB RAM | 128 GB ROM | Expandable Upto 1 TB16.76 cm (6.6 inch) Full HD+ Display50MP + 2MP | 13MP Front Camera6000 mAh BatteryExynos 1330, Octa Core Processor1 Year Manufacturer Warranty for Device and 6 Months Manufacturer Warranty for In-Box Accessories",4.4
43,"REDMI 11 Prime (Peppy Purple, 64 GB)","INR  9,999",4 GB RAM | 64 GB ROM | Expandable Upto 512 GB16.71 cm (6.58 inch) Full HD+ Display50MP + 2MP + 2MP | 8MP Front Camera5000 mAh BatteryHelio G99 Processor1 Year Manufacturer Warranty for Phone and 6 Months Warranty for In the Box Accessories,4.2
44,"Infinix HOT 20 5G (Blaster Green, 64 GB)","INR  11,499",4 GB RAM | 64 GB ROM | Expandable Upto 1 TB16.76 cm (6.6 inch) Full HD+ Display50MP + AI Lens | 8MP Front Camera5000 mAh Li-ion Polymer BatteryDimensity 810 Processor1 Year on Handset and 6 Months on Accessories,4.2
45,"Infinix HOT 20 5G (Space Blue, 64 GB)","INR  11,499",4 GB RAM | 64 GB ROM | Expandable Upto 1 TB16.76 cm (6.6 inch) Full HD+ Display50MP + AI Lens | 8MP Front Camera5000 mAh Li-ion Polymer BatteryDimensity 810 Processor1 Year on Handset and 6 Months on Accessories,4.2
46,"REDMI 10 (Midnight Black, 128 GB)","INR  10,999",6 GB RAM | 128 GB ROM | Expandable Upto 1 TB17.02 cm (6.7 inch) HD+ Display50MP + 2MP | 5MP Front Camera6000 mAh Lithium Polymer BatteryQualcomm Snapdragon 680 Processor1 Year Warranty for Phone and 6 Months Warranty for In-Box Accessories,4.2
47,"SAMSUNG Galaxy F14 5G (GOAT Green, 128 GB)","INR  13,490","4 GB RAM | 128 GB ROM | Expandable Upto 1 TB16.76 cm (6.6 inch) Full HD+ Display50MP + 2MP | 13MP Front Camera6000 mAh BatteryExynos 1330, Octa Core Processor1 Year Manufacturer Warranty for Device and 6 Months Manufacturer Warranty for In-Box Accessories",4.2
48,"SAMSUNG Galaxy F14 5G (B.A.E. Purple, 128 GB)","INR  13,490","4 GB RAM | 128 GB ROM | Expandable Upto 1 TB16.76 cm (6.6 inch) Full HD+ Display50MP + 2MP | 13MP Front Camera6000 mAh BatteryExynos 1330, Octa Core Processor1 Year Manufacturer Warranty for Device and 6 Months Manufacturer Warranty for In-Box Accessories",No Rating
49,"SAMSUNG Galaxy F14 5G (B.A.E. Purple, 128 GB)","INR  13,490","4 GB RAM | 128 GB ROM | Expandable Upto 1 TB16.76 cm (6.6 inch) Full HD+ Display50MP + 2MP | 13MP Front Camera6000 mAh BatteryExynos 1330, Octa Core Processor1 Year Manufacturer Warranty for Device and 6 Months Manufacturer Warranty for In-Box Accessories",4.2
50,"POCO M4 Pro (Yellow, 128 GB)","INR  13,999","8 GB RAM | 128 GB ROM | Expandable Upto 1 TB16.33 cm (6.43 inch) Full HD+ AMOLED Display64MP + 8MP + 2MP | 16MP Front Camera5000 mAh Lithium-ion Polymer BatteryMediatek Helio G96 ProcessorOne Year for Handset, 6 Months for Accessories",4.2
51,"POCO M5 (Power Black, 128 GB)","INR  10,999","6 GB RAM | 128 GB ROM | Expandable Upto 512 GB16.71 cm (6.58 inch) Full HD+ Display50MP + 2MP Depth Sensor + 2MP Macro Sensor | 8MP Front Camera5000 mAh Lithium-ion Polymer BatteryMediatek Helio G99 Processor1 Year for Handset, 6 Months for Accessories",4.2
52,"realme 11 Pro+ 5G (Oasis Green, 256 GB)","INR  27,999",8 GB RAM | 256 GB ROM17.02 cm (6.7 inch) Full HD+ Display200MP + 8MP + 2MP | 32MP Front Camera5000 mAh BatteryDimensity 7050 Processor1 Year Manufacturer Warranty for Device and 6 Months Manufacturer Warranty for In-Box Accessories,4.2
53,"SAMSUNG Galaxy F14 5G (OMG Black, 128 GB)","INR  14,490","6 GB RAM | 128 GB ROM | Expandable Upto 1 TB16.76 cm (6.6 inch) Full HD+ Display50MP + 2MP | 13MP Front Camera6000 mAh BatteryExynos 1330, Octa Core Processor1 Year Manufacturer Warranty for Device and 6 Months Manufacturer Warranty for In-Box Accessories",4.2
54,"POCO M5 (Yellow, 128 GB)","INR  10,999","6 GB RAM | 128 GB ROM | Expandable Upto 512 GB16.71 cm (6.58 inch) Full HD+ Display50MP + 2MP Depth Sensor + 2MP Macro Sensor | 8MP Front Camera5000 mAh Lithium-ion Polymer BatteryMediatek Helio G99 Processor1 Year for Handset, 6 Months for Accessories",4.2
55,"POCO M4 5G (Yellow, 128 GB)","INR  13,999",6 GB RAM | 128 GB ROM | Expandable Upto 512 GB16.71 cm (6.58 inch) Full HD+ Display50MP + 2MP | 8MP Front Camera5000 mAh Lithium Ion Polymer BatteryMediatek Dimensity 700 Processor1 Year Warranty for Handset and 6 Months for Accessories,4.2
56,"Infinix HOT 20 5G (Racing Black, 64 GB)","INR  11,499",4 GB RAM | 64 GB ROM | Expandable Upto 1 TB16.76 cm (6.6 inch) Full HD+ Display50MP + AI Lens | 8MP Front Camera5000 mAh Li-ion Polymer BatteryDimensity 810 Processor1 Year on Handset and 6 Months on Accessories,4.3
57,"realme 10 (Rush Black, 64 GB)","INR  12,499",4 GB RAM | 64 GB ROM | Expandable Upto 1 TB16.26 cm (6.4 inch) Full HD+ Display50MP + 2MP | 16MP Front Camera5000 mAh BatteryMediatek Helio G99 Octa Core Processor1 Year Manufacturer Warranty for Phone and 6 Months Warranty for In-Box Accessories,4.2
58,"SAMSUNG Galaxy F14 5G (OMG Black, 128 GB)","INR  13,490","4 GB RAM | 128 GB ROM | Expandable Upto 1 TB16.76 cm (6.6 inch) Full HD+ Display50MP + 2MP | 13MP Front Camera6000 mAh BatteryExynos 1330, Octa Core Processor1 Year Manufacturer Warranty for Device and 6 Months Manufacturer Warranty for In-Box Accessories",4.1
59,"Infinix Hot 20 5G (Blaster Green, 128 GB)","INR  13,499",6 GB RAM | 128 GB ROM | Expandable Upto 1 TB16.76 cm (6.6 inch) Full HD+ Display50MP + AI Lens | 8MP Front Camera5000 mAh Li-ion Polymer BatteryDimensity 810 Processor1 Year on Handset and 6 Months on Accessories,4.1
60,"Infinix Hot 20 5G (Space Blue, 128 GB)","INR  13,499",6 GB RAM | 128 GB ROM | Expandable Upto 1 TB16.76 cm (6.6 inch) Full HD+ Display50MP + AI Lens | 8MP Front Camera5000 mAh Li-ion Polymer BatteryDimensity 810 Processor1 Year on Handset and 6 Months on Accessories,4.3
61,"realme 10 (Clash White, 64 GB)","INR  12,499",4 GB RAM | 64 GB ROM | Expandable Upto 1 TB16.26 cm (6.4 inch) Full HD+ Display50MP + 2MP | 16MP Front Camera5000 mAh BatteryMediatek Helio G99 Octa Core Processor1 Year Manufacturer Warranty for Phone and 6 Months Warranty for In-Box Accessories,4.1
62,"REDMI Note 12 (Sunrise Gold, 64 GB)","INR  14,999",6 GB RAM | 64 GB ROM | Expandable Upto 1 TB16.94 cm (6.67 inch) Full HD+ Super AMOLED Display50MP + 8MP + 2MP | 13MP Front Camera5000 mAh BatterySnapdragon 685 Processor1 Year Manufacturer Warranty for Phone and 6 Months Warranty for In the Box Accessories,4.4
63,"realme C35 (Glowing Black, 64 GB)","INR  9,699",4 GB RAM | 64 GB ROM | Expandable Upto 1 TB16.76 cm (6.6 inch) Full HD+ Display50MP + 2MP + 0.3MP | 8MP Front Camera5000 mAh Lithium Polymer BatteryUnisoc Tiger T616 Processor1 Year Warranty for Phone and 6 Months Warranty for In-Box Accessories,4.4
64,"realme C35 (Glowing Black, 128 GB)","INR  10,699",4 GB RAM | 128 GB ROM | Expandable Upto 1 TB16.76 cm (6.6 inch) Full HD+ Display50MP + 2MP + 0.3MP | 8MP Front Camera5000 mAh Lithium Polymer BatteryUnisoc Tiger T616 Processor1 Year Warranty for Phone and 6 Months Warranty for In-Box Accessories,4.2
65,"REDMI 11 Prime (Flashy Black, 128 GB)","INR  11,999",6 GB RAM | 128 GB ROM | Expandable Upto 512 GB16.71 cm (6.58 inch) Full HD+ Display50MP + 2MP + 2MP | 8MP Front Camera5000 mAh BatteryHelio G99 Processor1 Year Manufacturer Warranty for Phone and 6 Months Warranty for In the Box Accessories,4.2
66,"REDMI 11 Prime (Peppy Purple, 128 GB)","INR  11,999",6 GB RAM | 128 GB ROM | Expandable Upto 512 GB16.71 cm (6.58 inch) Full HD+ Display50MP + 2MP + 2MP | 8MP Front Camera5000 mAh BatteryHelio G99 Processor1 Year Manufacturer Warranty for Phone and 6 Months Warranty for In the Box Accessories,4.1
67,"Infinix Hot 20 5G (Racing Black, 128 GB)","INR  13,499",6 GB RAM | 128 GB ROM | Expandable Upto 1 TB16.76 cm (6.6 inch) Full HD+ Display50MP + AI Lens | 8MP Front Camera5000 mAh Li-ion Polymer BatteryDimensity 810 Processor1 Year on Handset and 6 Months on Accessories,4.1
68,"SAMSUNG Galaxy M04 (Dark Blue, 64 GB)","INR  8,186",4 GB RAM | 64 GB ROM | Expandable Upto 1 TB16.51 cm (6.5 inch) HD+ Display13MP + 2MP | 5MP Front Camera5000 mAh BatteryMediaTek Helio P35 Processor1 year manufacturer warranty for device and 6 months manufacturer warranty for in-box accessories including batteries from the date of purchase,4.5
69,"realme 9i 5G (Rocking Black, 64 GB)","INR  14,999",4 GB RAM | 64 GB ROM | Expandable Upto 1 TB16.76 cm (6.6 inch) Full HD+ Display50MP + 2MP + 2MP | 8MP Front Camera5000 mAh Lithium Ion BatteryMediatek Dimensity 810 5G Processor1 Year Manufacturer Warranty for Phone and 6 Months Warranty for In-Box Accessories,4.5
70,"vivo T1 44W (Starry Sky, 128 GB)","INR  14,499",4 GB RAM | 128 GB ROM | Expandable Upto 1 TB16.36 cm (6.44 inch) Full HD+ AMOLED Display50MP + 2MP + 2MP | 16MP Front Camera5000 mAh Lithium BatteryQualcomm Snapdragon 680 Processor1 Year Handset and 6 Months Accessories,4.3
71,"realme Narzo 50 (Speed Blue, 128 GB)","INR  12,999",6 GB RAM | 128 GB ROM | Expandable Upto 256 GB16.76 cm (6.6 inch) Full HD+ Display50MP + 2MP + 2MP | 16MP Front Camera5000 mAh Lithium Polymer BatteryMediatek Helio G96 Processor1 Year Warranty for Phone and 6 Months Warranty for In-Box Accessories,4.4
72,"REDMI 11 Prime (Playful Green, 64 GB)","INR  9,999",4 GB RAM | 64 GB ROM | Expandable Upto 512 GB16.71 cm (6.58 inch) Full HD+ Display50MP + 2MP + 2MP | 8MP Front Camera5000 mAh BatteryHelio G99 Processor1 Year Manufacturer Warranty for Phone and 6 Months Warranty for In the Box Accessories,No Rating
73,"REDMI 11 Prime (Playful Green, 64 GB)","INR  9,999",4 GB RAM | 64 GB ROM | Expandable Upto 512 GB16.71 cm (6.58 inch) Full HD+ Display50MP + 2MP + 2MP | 8MP Front Camera5000 mAh BatteryHelio G99 Processor1 Year Manufacturer Warranty for Phone and 6 Months Warranty for In the Box Accessories,4.4
74,"realme 9i 5G (Soulful Blue, 64 GB)","INR  14,999",4 GB RAM | 64 GB ROM | Expandable Upto 1 TB16.76 cm (6.6 inch) Full HD+ Display50MP + 2MP + 2MP | 8MP Front Camera5000 mAh Lithium Ion BatteryMediatek Dimensity 810 5G Processor1 Year Manufacturer Warranty for Phone and 6 Months Warranty for In-Box Accessories,4.5
75,"POCO M5 (Icy Blue, 128 GB)","INR  10,999","6 GB RAM | 128 GB ROM | Expandable Upto 512 GB16.71 cm (6.58 inch) Full HD+ Display50MP + 2MP Depth Sensor + 2MP Macro Sensor | 8MP Front Camera5000 mAh Lithium-ion Polymer BatteryMediatek Helio G99 Processor1 Year for Handset, 6 Months for Accessories",4.2
76,"SAMSUNG Galaxy F23 5G (Aqua Blue, 128 GB)","INR  14,499",4 GB RAM | 128 GB ROM | Expandable Upto 1 TB16.76 cm (6.6 inch) Full HD+ Display50MP + 8MP + 2MP | 8MP Front Camera5000 mAh Lithium Ion BatteryQualcomm Snapdragon 750G Processor1 Year Warranty Provided by the Manufacturer from Date of Purchase,4.2
77,"MOTOROLA g31 (Baby Blue, 128 GB)","INR  12,999",6 GB RAM | 128 GB ROM | Expandable Upto 1 TB16.26 cm (6.4 inch) Full HD+ Display50MP + 8MP + 2MP | 13MP Front Camera5000 mAh LiPo BatteryMediatek Helio G85 Processor1 Year on Handset and 6 Months on Accessories,4.1
78,"realme 9i 5G (Metallica Gold, 64 GB)","INR  14,999",4 GB RAM | 64 GB ROM | Expandable Upto 1 TB16.76 cm (6.6 inch) Full HD+ Display50MP + 2MP + 2MP | 8MP Front Camera5000 mAh Lithium Ion BatteryMediatek Dimensity 810 5G Processor1 Year Manufacturer Warranty for Phone and 6 Months Warranty for In-Box Accessories,4.5
79,"SAMSUNG Galaxy A03 Core (Onyx, 32 GB)","INR  6,590","2 GB RAM | 32 GB ROM16.51 cm (6.5 inch) Display8MP Rear Camera5000 mAh Battery12 Months brand Warranty , Domestic Only",4.1
80,"OPPO A17 (Lake Blue, 64 GB)","INR  12,350",4 GB RAM | 64 GB ROM16.66 cm (6.56 inch) HD+ Display50MP + 0.3MP | 5MP Front Camera5000 mAh BatteryMediatek Helio G35 Processor1 Year Manufacturer Warranty for Phone and 6 Months Warranty for In-Box Accessories,4.4
81,"SAMSUNG Galaxy F23 5G (Forest Green, 128 GB)","INR  14,499",4 GB RAM | 128 GB ROM | Expandable Upto 1 TB16.76 cm (6.6 inch) Full HD+ Display50MP + 8MP + 2MP | 8MP Front Camera5000 mAh Lithium Ion BatteryQualcomm Snapdragon 750G Processor1 Year Warranty Provided by the Manufacturer from Date of Purchase,4.2
82,"realme C25s (Watery Grey, 128 GB)","INR  11,999",4 GB RAM | 128 GB ROM | Expandable Upto 256 GB16.51 cm (6.5 inch) HD+ Display13MP + 2MP + 2MP | 8MP Front Camera6000 mAh BatteryMediaTek Helio G85 Processor1 Year Warranty for Mobile and 6 Months for Accessories,4.4
83,"REDMI 10 Power (Power Black, 128 GB)","INR  11,699",8 GB RAM | 128 GB ROM17.02 cm (6.7 inch) Display50MP Rear Camera6000 mAh Battery12 Months Warranty,4.2
84,"OPPO A17k (Gold, 64 GB)","INR  9,499",3 GB RAM | 64 GB ROM | Expandable Upto 2 TB16.66 cm (6.56 inch) HD+ Display8MP Rear Camera | 5MP Front Camera5000 mAh BatteryMediatek Helio P35 Processor1 Year on Handset and 6 Months on Accessories,4.5
85,"OPPO A17 (Sunlight Orange, 64 GB)","INR  12,499",4 GB RAM | 64 GB ROM | Expandable Upto 2 TB16.66 cm (6.56 inch) HD+ Display50MP + 0.3MP + 0.3MP | 5MP Front Camera5000 mAh Lithium-ion Polymer BatteryMediatek Helio G35 Processor1 Year on Handset and 6 Months on Accessories,4.4
86,"OPPO A17 (Midnight Black, 64 GB)","INR  12,499",4 GB RAM | 64 GB ROM | Expandable Upto 2 TB16.66 cm (6.56 inch) HD+ Display50MP + 0.3MP + 0.3MP | 5MP Front Camera5000 mAh Lithium-ion Polymer BatteryMediatek Helio G35 Processor1 Year on Handset and 6 Months on Accessories,4.4
87,"OPPO A17K (Navy Blue, 64 GB)","INR  9,900",3 GB RAM | 64 GB ROM | Expandable Upto 2 TB16.66 cm (6.56 inch) HD+ Display8MP Rear Camera | 5MP Front Camera5000 mAh BatteryMediatek Helio G35 Processor1 Year on Handset and 6 Months on Accessories,4.5
88,"OPPO A17k (Navy Blue, 64 GB)","INR  9,499",3 GB RAM | 64 GB ROM | Expandable Upto 2 TB16.66 cm (6.56 inch) HD+ Display8MP Rear Camera | 5MP Front Camera5000 mAh BatteryMediatek Helio P35 Processor1 Year on Handset and 6 Months on Accessories,4.5
89,"REDMI 11 Prime (Playful Green, 128 GB)","INR  11,999",6 GB RAM | 128 GB ROM | Expandable Upto 512 GB16.71 cm (6.58 inch) Full HD+ Display50MP + 2MP + 2MP | 8MP Front Camera5000 mAh BatteryHelio G99 Processor1 Year Manufacturer Warranty for Phone and 6 Months Warranty for In the Box Accessories,4.2
90,"SAMSUNG Galaxy F13 (Sunrise Copper, 128 GB)","INR  10,699",4 GB RAM | 128 GB ROM | Expandable Upto 1 TB16.76 cm (6.6 inch) Full HD+ Display50MP + 5MP + 2MP | 8MP Front Camera6000 mAh Lithium Ion BatteryExynos 850 Processor1 Year Warranty Provided By the Manufacturer from Date of Purchase,4.3
91,"REDMI 10A (Sea Blue, 64 GB)","INR  9,599",4 GB RAM | 64 GB ROM16.59 cm (6.53 inch) Display13MP Rear Camera5000 mAh Battery12 months,4.2
92,"REDMI 10 Power (Sporty Orange, 128 GB)","INR  12,324",8 GB RAM | 128 GB ROM17.02 cm (6.7 inch) Display50MP Rear Camera6000 mAh Battery12 Months Warranty,4.2
93,"SAMSUNG Galaxy M04 (Light Green, 64 GB)","INR  8,199",4 GB RAM | 64 GB ROM16.51 cm (6.5 inch) HD+ Display13MP + 2MP | 5MP Front Camera5000 mAh BatteryMediaTek Helio P35 Processor1 year manufacturer warranty for device and 6 months manufacturer warranty for in-box accessories including batteries from the date of purchase,4.1
94,"realme Narzo N55 (Prime Black, 128 GB)","INR  13,380",6 GB RAM | 128 GB ROM17.07 cm (6.72 inch) Display64MP Rear Camera5000 mAh Battery1 Year Domestic Warranty for Phone and 6 Months Warranty for In-Box Accessories,4.3
95,"REDMI 10A (Charcoal Black, 64 GB)","INR  8,889",4 GB RAM | 64 GB ROM16.59 cm (6.53 inch) Display13MP Rear Camera5000 mAh Battery12 months,4.2
96,"realme Narzo N55 (Prime Blue, 128 GB)","INR  13,400",6 GB RAM | 128 GB ROM17.07 cm (6.72 inch) Display64MP Rear Camera5000 mAh Battery1 Year Domestic Warranty for Phone and 6 Months Warranty for In-Box Accessories,4.3
97,"realme Narzo N55 (Prime Blue, 128 GB)","INR  13,400",6 GB RAM | 128 GB ROM17.07 cm (6.72 inch) Display64MP Rear Camera5000 mAh Battery1 Year Domestic Warranty for Phone and 6 Months Warranty for In-Box Accessories,4.3
98,"REDMI 10A (Charcoal Black, 64 GB)","INR  8,889",4 GB RAM | 64 GB ROM16.59 cm (6.53 inch) Display13MP Rear Camera5000 mAh Battery12 months,4.2
99,"MOTOROLA g42 (Atlantic Green, 64 GB)","INR  11,399","4 GB RAM | 64 GB ROM | Expandable Upto 256 GB16.43 cm (6.47 inch) Full HD+ Display50MP + 8MP + 2MP | 16MP Front Camera5000 mAh BatteryQualcomm Snapdragon 680 Processor1 Year Warranty on Phone, 6 Months Warranty on Accessories",4.2
100,"SAMSUNG GALAXY M13 (Stardust Brown, 64 GB)","INR  10,985",4 GB RAM | 64 GB ROM16.76 cm (6.6 inch) Display50MP Rear Camera6000 mAh Battery12 Months Warranty,4.2
101,"REDMI 10 Power (Sporty Orange, 128 GB)","INR  12,323",8 GB RAM | 128 GB ROM17.02 cm (6.7 inch) Display50MP Rear Camera6000 mAh Battery12 Months Warranty,4.2
102,"SAMSUNG GALAXY M13 (Stardust Brown, 128 GB)","INR  12,895",6 GB RAM | 128 GB ROM16.76 cm (6.6 inch) Display50MP Rear Camera6000 mAh Battery12 Months Warranty,4.2
103,"REDMI 11 Prime 5G (Chrome Silver, 64 GB)","INR  12,989",4 GB RAM | 64 GB ROM16.71 cm (6.58 inch) Display5MP Rear Camera5000 mAh Battery1 Year Warranty,4.2
104,"REDMI 11 Prime 5G (Meadow Green, 64 GB)","INR  13,685",4 GB RAM | 64 GB ROM16.71 cm (6.58 inch) Display5MP Rear Camera5000 mAh Battery1 Year Warranty,4.2
105,"REDMI 11 Prime 5G (Thunder Black, 64 GB)","INR  13,003",4 GB RAM | 64 GB ROM16.71 cm (6.58 inch) Display5MP Rear Camera5000 mAh Battery1 Year Warranty,4.2
106,"SAMSUNG GALAXY M13 (Midnight Blue, 128 GB)","INR  12,899",6 GB RAM | 128 GB ROM16.76 cm (6.6 inch) Display50MP Rear Camera6000 mAh Battery12 Months Warranty,4.2
107,"POCO M3 Pro 5G (Yellow, 128 GB)","INR  14,499","6 GB RAM | 128 GB ROM | Expandable Upto 1 TB16.51 cm (6.5 inch) Full HD+ Display48MP + 2MP + 2MP | 8MP Front Camera5000 mAh Lithium-ion Polymer BatteryMediaTek Dimensity 700 ProcessorMultiple Hands-free Voice AssistantOne Year Warranty for Handset, 6 Months for Accessories",4.2
108,"SAMSUNG Galaxy A03 Core (Bronze, 32 GB)","INR  6,689",2 GB RAM | 32 GB ROM | Expandable Upto 1 TB16.51 cm (6.5 inch) HD+ Display8MP Rear Camera | 5MP Front Camera5000 mAh Battery1 Year of Device & 6 Months for In-Box Accessories,4.1
109,"REDMI 10A (Sea Blue, 32 GB)","INR  8,644",3 GB RAM | 32 GB ROM16.59 cm (6.53 inch) Display13MP Rear Camera5000 mAh Battery12 months,4.1
110,"Tecno Pova 3 (Eco Black, 64 GB)","INR  10,340","4 GB RAM | 64 GB ROM | Expandable Upto 512 GB17.53 cm (6.9 inch) Full HD+ Display50MP + 2MP + 2MP | 8MP Front Camera7000 mAh BatteryMediaTek Helio G88 ProcessorOne Year Warranty for Handset, 6 Months for Accessories",4.2
111,"MOTOROLA g52 (Metallic White, 128 GB)","INR  13,999",6 GB RAM | 128 GB ROM16.76 cm (6.6 inch) Full HD+ Display50MP + 8MP + 2MP | 16MP Front Camera5000 mAh Lithium BatteryQualcomm Snapdragon 680 Processor1 Year on Handset and 6 Months on Accessories,4.2
112,"SAMSUNG GALAXY M13 (Aqua Green, 64 GB)","INR  10,981",4 GB RAM | 64 GB ROM16.76 cm (6.6 inch) Display50MP Rear Camera6000 mAh Battery1 Year Warranty,4.2
113,"REDMI 9 Activ (Carbon Black, 128 GB)","INR  9,499",6 GB RAM | 128 GB ROM | Expandable Upto 512 GB16.59 cm (6.53 inch) HD+ Display13MP + 2MP | 5MP Front Camera5000 mAh Lithium Polymer BatteryMediatek Helio G35 Processor1 Year Warranty on Mobile Device and 6 months on Accessories,4.2
114,"MOTOROLA G32 (Mineral Gray, 64 GB)","INR  10,999",4 GB RAM | 64 GB ROM16.64 cm (6.55 inch) Full HD+ Display50MP + 8MP + 2MP | 16MP Front Camera5000 mAh Lithium Polymer BatteryQualcomm Snapdragon 680 Processor1 Year on Handset and 6 Months on Accessories,4.2
115,"vivo Y16 (Drizzling Gold, 64 GB)","INR  10,499",3 GB RAM | 64 GB ROM | Expandable Upto 1 TB16.54 cm (6.51 inch) HD+ Display13MP + 2MP | 5MP Front Camera5000 mAh Lithium BatteryMediatek Helio P35 Processor1 Year of Device & 6 Months for In-Box Accessories,4.2
116,"vivo Y16 (Steller Black, 64 GB)","INR  10,470",3 GB RAM | 64 GB ROM | Expandable Upto 1 TB16.54 cm (6.51 inch) HD+ Display13MP + 2MP | 5MP Front Camera5000 mAh Lithium BatteryMediatek Helio P35 Processor1 Year of Device & 6 Months for In-Box Accessories,4.2
117,"vivo Y16 (Steller Black, 128 GB)","INR  12,999",4 GB RAM | 128 GB ROM | Expandable Upto 1 TB16.54 cm (6.51 inch) HD+ Display13MP + 2MP | 5MP Front Camera5000 mAh Lithium BatteryMediatek Helio P35 Processor1 Year of Device & 6 Months for In-Box Accessories,4.3
118,"vivo Y16 (Steller Black, 64 GB)","INR  11,999",4 GB RAM | 64 GB ROM | Expandable Upto 1 TB16.54 cm (6.51 inch) HD+ Display13MP + 2MP | 5MP Front Camera5000 mAh Lithium BatteryMediatek Helio P35 Processor1 Year of Device & 6 Months for In-Box Accessories,4.3
119,"realme C33 2023 (Aqua Blue, 64 GB)","INR  9,999",4 GB RAM | 64 GB ROM | Expandable Upto 1 TB16.51 cm (6.5 inch) HD+ Display50MP + 0.3MP | 5MP Front Camera5000 mAh Lithium Ion BatteryUnisoc T612 Processor1 Year Manufacturer Warranty for Phone and 6 Months Warranty for In-Box Accessories,4.4
120,"realme C55 (Sunshower / Gold, 128 GB)","INR  14,990",8 GB RAM | 128 GB ROM | Expandable Upto 1 TB17.07 cm (6.72 inch) Full HD+ Display64MP + 2MP | 8MP Front Camera5000 mAh BatteryHelio G88 Processor1 Year Manufacturer Warranty for Phone and 6 Months Warranty for In the Box Accessories,4.4
121,"realme 11 Pro+ 5G (Oasis Green, 256 GB)","INR  27,999",8 GB RAM | 256 GB ROM17.02 cm (6.7 inch) Full HD+ Display200MP + 8MP + 2MP | 32MP Front Camera5000 mAh BatteryDimensity 7050 Processor1 Year Manufacturer Warranty for Device and 6 Months Manufacturer Warranty for In-Box Accessories,4.2
122,"REDMI 10A (Sea Blue, 64 GB)","INR  9,498",4 GB RAM | 64 GB ROM16.59 cm (6.53 inch) Display13MP Rear Camera5000 mAh Battery12 months,4.1
123,"REDMI 10A (Charcoal Black, 32 GB)","INR  8,290",3 GB RAM | 32 GB ROM16.59 cm (6.53 inch) Display13MP Rear Camera5000 mAh Battery12 months,4.5
124,"realme 9 5G (Meteor Black, 64 GB)","INR  13,499",4 GB RAM | 64 GB ROM | Expandable Upto 1 TB16.51 cm (6.5 inch) Full HD+ Display48MP + 2MP + 2MP | 16MP Front Camera5000 mAh Lithium Polymer BatteryMediatek Dimensity 810 Processor1 Year Warranty for Phone and 6 Months Warranty for In-Box Accessories,4.5
125,"realme 9 5G (Supersonic Black, 64 GB)","INR  13,499",4 GB RAM | 64 GB ROM | Expandable Upto 1 TB16.51 cm (6.5 inch) Full HD+ Display48MP + 2MP + 2MP | 16MP Front Camera5000 mAh Lithium Polymer BatteryMediatek Dimensity 810 Processor1 Year Warranty for Phone and 6 Months Warranty for In-Box Accessories,4
126,"Redmi 10 Prime (Phantom Black, 64 GB)","INR  12,498",4 GB RAM | 64 GB ROM16.51 cm (6.5 inch) Display8MP Rear Camera6000 mAh Battery1 Year Manufacturer Warranty for Handset and 6 Months Warranty for In the Box Accessories,4.2
127,"REDMI 12C (Mint Green, 128 GB)","INR  11,295",6 GB RAM | 128 GB ROM17.04 cm (6.71 inch) Display50MP Rear Camera5000 mAh BatteryDomestic warranty of 12 months on phone & 6 months on accessories,4.2
128,"Infinix Note 12 (Force Black, 128 GB)","INR  12,999",6 GB RAM | 128 GB ROM | Expandable Upto 512 GB17.02 cm (6.7 inch) Full HD+ AMOLED Display50MP + 2MP Depth + AI Lens | 16MP Front Camera5000 mAh Li-ion Polymer BatteryMediaTek Helio G88 Processor1 Year on Handset and 6 Months on Accessories,4.2
129,"MOTOROLA g42 (Atlantic Green, 64 GB)","INR  13,999",4 GB RAM | 64 GB ROM16.43 cm (6.47 inch) Full HD+ AMOLED Display50MP + 8MP + 2MP | 16MP Front Camera5000 mAh Lithium polymer BatteryQualcomm Snapdragon 680 Processor1 Year on Handset and 6 Months on Accessories,4.4
130,"realme C33 (Sandy Gold, 32 GB)","INR  8,999",3 GB RAM | 32 GB ROM | Expandable Upto 1 TB16.51 cm (6.5 inch) HD+ Display50MP + 0.3MP | 5MP Front Camera5000 mAh Lithium Ion BatteryUnisoc T612 Processor1 Year Manufacturer Warranty for Phone and 6 Months Warranty for In-Box Accessories,4.4
131,"realme C33 (Aqua Blue, 32 GB)","INR  8,999",3 GB RAM | 32 GB ROM | Expandable Upto 1 TB16.51 cm (6.5 inch) HD+ Display50MP + 0.3MP | 5MP Front Camera5000 mAh Lithium Ion BatteryUnisoc T612 Processor1 Year Manufacturer Warranty for Phone and 6 Months Warranty for In-Box Accessories,4.1
132,"REDMI Note 12 (Ice Blue, 64 GB)","INR  14,999",6 GB RAM | 64 GB ROM | Expandable Upto 1 TB16.94 cm (6.67 inch) Full HD+ Super AMOLED Display50MP + 8MP + 2MP | 13MP Front Camera5000 mAh BatterySnapdragon 685 Processor1 Year Manufacturer Warranty for Phone and 6 Months Warranty for In the Box Accessories,4.2
133,"SAMSUNG Galaxy F23 5G (Copper Blush, 128 GB)","INR  14,499",4 GB RAM | 128 GB ROM | Expandable Upto 1 TB16.76 cm (6.6 inch) Full HD+ Display50MP + 8MP + 2MP | 8MP Front Camera5000 mAh Lithium Ion BatteryQualcomm Snapdragon 750G Processor1 Year Warranty Provided by the Manufacturer from Date of Purchase,4.4
134,"realme C33 (Night Sea, 64 GB)","INR  9,999",4 GB RAM | 64 GB ROM | Expandable Upto 1 TB16.51 cm (6.5 inch) HD+ Display50MP + 0.3MP | 5MP Front Camera5000 mAh Lithium Ion BatteryUnisoc T612 Processor1 Year Manufacturer Warranty for Phone and 6 Months Warranty for In-Box Accessories,4.4
135,"realme C33 (Sandy Gold, 64 GB)","INR  9,999",4 GB RAM | 64 GB ROM | Expandable Upto 1 TB16.51 cm (6.5 inch) HD+ Display50MP + 0.3MP | 5MP Front Camera5000 mAh Lithium Ion BatteryUnisoc T612 Processor1 Year Manufacturer Warranty for Phone and 6 Months Warranty for In-Box Accessories,4.4
136,"realme C33 (Aqua Blue, 64 GB)","INR  9,999",4 GB RAM | 64 GB ROM | Expandable Upto 1 TB16.51 cm (6.5 inch) HD+ Display50MP + 0.3MP | 5MP Front Camera5000 mAh Lithium Ion BatteryUnisoc T612 Processor1 Year Manufacturer Warranty for Phone and 6 Months Warranty for In-Box Accessories,4.2
137,"Infinix Note 12 (Force Black, 64 GB)","INR  10,999",4 GB RAM | 64 GB ROM | Expandable Upto 512 GB17.02 cm (6.7 inch) Full HD+ AMOLED Display50MP + 2MP Depth + AI Lens | 16MP Front Camera5000 mAh Li-ion Polymer BatteryMediaTek Helio G88 Processor1 Year on Handset and 6 Months on Accessories,4.3
138,"vivo Y16 (Drizzling Gold, 128 GB)","INR  12,999",4 GB RAM | 128 GB ROM | Expandable Upto 1 TB16.54 cm (6.51 inch) HD+ Display13MP + 2MP | 5MP Front Camera5000 mAh Lithium BatteryMediatek Helio P35 Processor1 Year of Device & 6 Months for In-Box Accessories,4.2
139,"SAMSUNG GALAXY M13 (Midnight Blue, 64 GB)","INR  11,256",4 GB RAM | 64 GB ROM16.76 cm (6.6 inch) Display50MP Rear Camera6000 mAh Battery12 Months Warranty,4.2
140,"REDMI 12C (Mint Green, 64 GB)","INR  9,083",4 GB RAM | 64 GB ROM17.04 cm (6.71 inch) Display50MP Rear Camera5000 mAh BatteryDomestic warranty of 12 months on phone & 6 months on accessories,4.2
141,"MOTOROLA g52 (Charcoal Grey, 128 GB)","INR  13,999",6 GB RAM | 128 GB ROM16.76 cm (6.6 inch) Full HD+ Display50MP + 8MP + 2MP | 16MP Front Camera5000 mAh Lithium BatteryQualcomm Snapdragon 680 Processor1 Year on Handset and 6 Months on Accessories,4.3
142,"realme Narzo N55 (Prime Black, 64 GB)","INR  11,510",4 GB RAM | 64 GB ROM17.07 cm (6.72 inch) Display64MP Rear Camera5000 mAh Battery1 Year Domestic Warranty for Phone and 6 Months Warranty for In-Box Accessories,4.2
143,"SAMSUNG GALAXY M13 (Midnight Blue, 128 GB)","INR  12,952",6 GB RAM | 128 GB ROM16.76 cm (6.6 inch) Display50MP Rear Camera6000 mAh Battery12 Months Warranty,4.1
144,"REDMI 10A (Slate Grey, 32 GB)","INR  9,299",3 GB RAM | 32 GB ROM16.59 cm (6.53 inch) Display13MP Rear Camera5000 mAh Battery12 months,No Rating
145,"REDMI 12C (?Lavender Purple, 128 GB)","INR  11,198",6 GB RAM | 128 GB ROM17.04 cm (6.71 inch) Display50MP Rear Camera5000 mAh BatteryDomestic warranty of 12 months on phone & 6 months on accessories,4.2
146,"vivo Y16 (Drizzling Gold, 64 GB)","INR  12,480",4 GB RAM | 64 GB ROM | Expandable Upto 1 TB16.54 cm (6.51 inch) HD+ Display13MP + 2MP | 5MP Front Camera5000 mAh Lithium BatteryMediatek Helio P35 Processor1 Year of Device & 6 Months for In-Box Accessories,4.3
147,"realme 11 Pro+ 5G (Oasis Green, 256 GB)","INR  27,999",8 GB RAM | 256 GB ROM17.02 cm (6.7 inch) Full HD+ Display200MP + 8MP + 2MP | 32MP Front Camera5000 mAh BatteryDimensity 7050 Processor1 Year Manufacturer Warranty for Device and 6 Months Manufacturer Warranty for In-Box Accessories,4.3
148,"vivo Y16 (Steller Black, 128 GB)","INR  12,940",4 GB RAM | 128 GB ROM | Expandable Upto 1 TB16.54 cm (6.51 inch) HD+ Display13MP + 2MP | 5MP Front Camera5000 mAh Lithium BatteryMediatek Helio P35 Processor1 Year of Device & 6 Months for In-Box Accessories,4.2
149,"vivo Y16 (Drizzling Gold, 32 GB)","INR  10,989",3 GB RAM | 32 GB ROM | Expandable Upto 1 TB16.54 cm (6.51 inch) HD+ Display13MP + 2MP | 5MP Front Camera5000 mAh Lithium BatteryMediatek Helio P35 Processor1 Year of Device & 6 Months for In-Box Accessories,4.2
150,"vivo Y16 (Steller Black, 32 GB)","INR  10,999",3 GB RAM | 32 GB ROM | Expandable Upto 1 TB16.54 cm (6.51 inch) HD+ Display13MP + 2MP | 5MP Front Camera5000 mAh Lithium BatteryMediatek Helio P35 Processor1 Year of Device & 6 Months for In-Box Accessories,4.2
151,"MOTOROLA g52 (Charcoal Grey, 64 GB)","INR  11,249",4 GB RAM | 64 GB ROM16.76 cm (6.6 inch) Full HD+ Display50MP + 8MP + 2MP | 16MP Front Camera5000 mAh Lithium BatteryQualcomm Snapdragon 680 Processor1 Year on Handset and 6 Months on Accessories,4.1
152,"REDMI Note 11S (Polar White, 64 GB)","INR  15,199",6 GB RAM | 64 GB ROM16.33 cm (6.43 inch) Display108MP Rear Camera5000 mAh Battery1 Year Warranty,4.1
153,"Tecno Spark 9 (Sky Mirror, 128 GB)","INR  10,500","6 GB RAM | 128 GB ROM | Expandable Upto 512 GB16.76 cm (6.6 inch) HD+ Display13MP Rear Camera | 8MP Front Camera5000 mAh BatteryMediaTek Helio G37 Processor1 Year Warranty for Handset, 6 Months for Accessories",4.2
154,"REDMI 12C (Lavender Purple, 64 GB)","INR  9,294",4 GB RAM | 64 GB ROM17.04 cm (6.71 inch) Display50MP Rear Camera5000 mAh BatteryDomestic warranty of 12 months on phone & 6 months on accessories,4.2
155,"SAMSUNG GALAXY M13 (Midnight Blue, 64 GB)","INR  11,257",4 GB RAM | 64 GB ROM16.76 cm (6.6 inch) Display50MP Rear Camera6000 mAh Battery12 Months Warranty,4.1
156,"realme NARZO 50A PRIME (FLASH BLUE, 64 GB)","INR  10,990",4 GB RAM | 64 GB ROM16.76 cm (6.6 inch) Display50MP Rear Camera5000 mAh Battery1 YEAR ON MOBILE AND 6 MONTHS FOR ACCESORIES,4.1
157,"realme Narzo 50A Prime (Flash Blue, 128 GB)","INR  11,989",4 GB RAM | 128 GB ROM16.76 cm (6.6 inch) Display50MP Rear Camera5000 mAh Battery12 Months Brand Warranty,4
158,"Redmi 10 Prime (Phantom Black, 64 GB)","INR  12,350",4 GB RAM | 64 GB ROM16.51 cm (6.5 inch) Display8MP Rear Camera6000 mAh Battery1 Year Manufacturer Warranty for Handset and 6 Months Warranty for In the Box Accessories,4.4
159,"realme C25s (Watery Blue, 128 GB)","INR  10,490",4 GB RAM | 128 GB ROM | Expandable Upto 256 GB16.51 cm (6.5 inch) HD+ Display13MP + 2MP + 2MP | 8MP Front Camera6000 mAh BatteryMediaTek Helio G85 Processor1 Year Warranty for Mobile and 6 Months for Accessories,4
160,"REDMI 10A SPORT (SEA BLUE, 128 GB)","INR  10,935",6 GB RAM | 128 GB ROM16.59 cm (6.53 inch) Display13MP Rear Camera5000 mAh Battery12 Months Warranty,4.1
161,"realme Narzo 50A Prime (Flash Black, 128 GB)","INR  12,497",4 GB RAM | 128 GB ROM16.76 cm (6.6 inch) Display50MP Rear Camera5000 mAh Battery12 Months Brand Warranty,4.2
162,"IQOO Z6 Lite 5G (Without Charger) (Mystic Night, 64 GB)","INR  14,145",4 GB RAM | 64 GB ROM16.97 cm (6.68 inch) Display50MP Rear Camera5000 mAh Battery1 Year,4.2
163,"MOTOROLA g42 (Metallic Rose, 64 GB)","INR  13,999",4 GB RAM | 64 GB ROM16.43 cm (6.47 inch) Full HD+ AMOLED Display50MP + 8MP + 2MP | 16MP Front Camera5000 mAh Lithium polymer BatteryQualcomm Snapdragon 680 Processor1 Year on Handset and 6 Months on Accessories,4.2
164,"realme C30s (Stripe Black, 64 GB)","INR  8,499",4 GB RAM | 64 GB ROM | Expandable Upto 1 TB16.51 cm (6.5 inch) HD+ Display8MP Rear Camera | 5MP Front Camera5000 mAh Lithium Ion BatteryUnisoc SC9863A/ Unisoc SC9863A1 Processor1 Year Manufacturer Warranty for Phone and 6 Months Warranty for In-Box Accessories,4
165,"Redmi 10 Prime (Astral White, 64 GB)","INR  12,250",4 GB RAM | 64 GB ROM16.51 cm (6.5 inch) Display8MP Rear Camera6000 mAh Battery1 Year Manufacturer Warranty for Handset and 6 Months Warranty for In the Box Accessories,4.2
166,"Infinix Note 12 5G (Snowfall, 64 GB)","INR  14,999",6 GB RAM | 64 GB ROM | Expandable Upto 2 TB17.02 cm (6.7 inch) Full HD+ AMOLED Display50 MP + 2 MP Depth Lens + AI Lens | 16MP Front Camera5000 mAh Li-ion Polymer BatteryMediatek Dimensity 810 5G Processor1 Year on Handset and 6 Months on Accessories,4
167,"REDMI 10A SPORT (CHARCOAL BLACK, 128 GB)","INR  10,899",6 GB RAM | 128 GB ROM16.59 cm (6.53 inch) Display13MP Rear Camera5000 mAh Battery12 Months Warranty,4.1
168,"realme Narzo 50A Prime (Flash Black, 64 GB)","INR  11,199",4 GB RAM | 64 GB ROM | Expandable Upto 512 GB16.76 cm (6.6 inch) Full HD+ Display50MP Rear Camera | 8MP Front Camera5000 mAh Battery1 Year Manufacturer Warranty for Phone and 6 Months Warranty for In-Box Accessories,No Rating
169,"MOTOROLA G42 (Metallic Rose, 64 GB)","INR  11,499","4 GB RAM | 64 GB ROM16.43 cm (6.47 inch) Full HD+ Display50MP Rear Camera5000 mAh BatteryQualcomm Snapdragon 680 Processordomestic 1 Year Warranty on Phone, 6 Months Warranty on Accessories",4.2
170,"vivo Y16 (Drizzling Gold, 128 GB)","INR  12,989",4 GB RAM | 128 GB ROM | Expandable Upto 1 TB16.54 cm (6.51 inch) HD+ Display13MP + 2MP | 5MP Front Camera5000 mAh Lithium BatteryMediatek Helio P35 Processor1 Year of Device & 6 Months for In-Box Accessories,4.3
171,"Redmi Note 6 Pro (Black, 64 GB)","INR  15,999",4 GB RAM | 64 GB ROM | Expandable Upto 256 GB15.9 cm (6.26 inch) Full HD+ Display12MP + 5MP | 20MP + 2MP Dual Front Camera4000 mAh Li-polymer BatteryQualcomm Snapdragon 636 ProcessorBrand Warranty of 1 Year Available for Mobile and 6 Months for Accessories,4.5
172,"Infinix Note 12 5G (Force Black, 64 GB)","INR  14,999",6 GB RAM | 64 GB ROM | Expandable Upto 2 TB17.02 cm (6.7 inch) Full HD+ AMOLED Display50 MP + 2 MP Depth Lens + AI Lens | 16MP Front Camera5000 mAh Li-ion Polymer BatteryMediatek Dimensity 810 5G Processor1 Year on Handset and 6 Months on Accessories,4.2
173,"vivo Y12G (Phantom Black, 64 GB)","INR  11,289",3 GB RAM | 64 GB ROM | Expandable Upto 256 GB16.54 cm (6.51 inch) HD+ Display13MP + 2MP | 8MP Front Camera5000 mAh Li-ion BatteryQualcomm Snapdragon 439 Processor1 Year Warranty for Handset and 6 Months for In-box Accessories,4.3
174,"vivo Y16 (Stellar Black, 128 GB)","INR  12,989",4 GB RAM | 128 GB ROM16.54 cm (6.51 inch) HD+ Display13MP + 2MP | 5MP Front Camera5000 mAh BatteryMediatek Helio P35 Processor1 Year of Device & 6 Months for In-Box Accessories,4.3
175,"realme 8i (Space Black, 64 GB)","INR  13,999",4 GB RAM | 64 GB ROM | Expandable Upto 256 GB16.76 cm (6.6 inch) Full HD+ Display50MP + 2MP + 2MP | 16MP Front Camera5000 mAh BatteryMediaTek Helio G96 Processor1 Year Warranty for Mobile and 6 Months for Accessories,4.5
176,"realme C21 (Cross Black, 64 GB)","INR  10,499",4 GB RAM | 64 GB ROM | Expandable Upto 256 GB16.51 cm (6.5 inch) HD+ Display13MP + 2MP + 2MP | 5MP Front Camera5000 mAh BatteryMediaTek Helio G35 Processor1 Year Warranty for Mobile and 6 Months for Accessories,4.4
177,"Infinix Hot 12 Pro (Lightsaber Green, 128 GB)","INR  12,999",8 GB RAM | 128 GB ROM | Expandable Upto 256 GB16.76 cm (6.6 inch) HD+ Display50 MP + Depth Lens | 8MP Front Camera5000 mAh Lithium-ion Polymer BatteryUnisoc T616 Processor1 Year on Handset and 6 Months on Accessories,4
178,"REDMI 10A SPORT (SLATE GREY, 128 GB)","INR  10,999",6 GB RAM | 128 GB ROM16.59 cm (6.53 inch) Display13MP Rear Camera5000 mAh Battery12 Months Warranty,4
179,"Infinix Hot 11S (Green Wave, 128 GB)","INR  11,999",4 GB RAM | 128 GB ROM | Expandable Upto 256 GB17.22 cm (6.78 inch) Full HD+ Display50 MP + 2 MP + AI Lens | 8MP Front Camera5000 mAh Li-ion Polymer BatteryMediatek Helio G88 Processor1 Year on Handset and 6 Months on Accessories,4.3
180,"Infinix Hot 11S (Polar Black, 128 GB)","INR  11,999",4 GB RAM | 128 GB ROM | Expandable Upto 256 GB17.22 cm (6.78 inch) Full HD+ Display50 MP + 2 MP + AI Lens | 8MP Front Camera5000 mAh Li-ion Polymer BatteryMediatek Helio G88 Processor1 Year on Handset and 6 Months on Accessories,4.3
181,"vivo Y16 (Drizzling Gold, 128 GB)","INR  12,890",4 GB RAM | 128 GB ROM | Expandable Upto 1 TB16.54 cm (6.51 inch) HD+ Display13MP + 2MP | 5MP Front Camera5000 mAh BatteryMediatek Helio P35 Processor1 Year of Device & 6 Months for In-Box Accessories,4.3
182,"MOTOROLA G60 (Dynamic Gray, 128 GB)","INR  14,999",6 GB RAM | 128 GB ROM17.27 cm (6.8 inch) Full HD+ Display108MP + 8MP + 2MP | 32MP Front Camera6000 mAh BatteryQualcomm Snapdragon 732G Processor120Hz Refresh RateStock Android Experience1 Year on Handset and 6 Months on Accessories,4.2
183,"SAMSUNG GALAXY M13 (Midnight Blue, 64 GB)","INR  11,499",4 GB RAM | 64 GB ROM16.76 cm (6.6 inch) Display50MP Rear Camera6000 mAh Battery12 MONTHS,4.2
184,"realme Narzo 30 (Racing Silver, 64 GB)","INR  13,499",4 GB RAM | 64 GB ROM | Expandable Upto 256 GB16.51 cm (6.5 inch) Full HD+ Display48MP + 2MP + 2MP | 16MP Front Camera5000 mAh BatteryMediaTek Helio G95 Processor30W Charger1 Year Warranty for Mobile and 6 Months for Accessories,4.4
185,"REDMI 9 Activ (Coral Green, 64 GB)","INR  10,200",4 GB RAM | 64 GB ROM16.59 cm (6.53 inch) Display13MP Rear Camera5000 mAh Battery12 months,4.2
186,"REDMI 9 Activ (Carbon Black, 64 GB)","INR  9,480",4 GB RAM | 64 GB ROM | Expandable Upto 512 GB16.59 cm (6.53 inch) HD+ Display13MP + 2MP | 5MP Front Camera5000 mAh Lithium Polymer BatteryMediatek Helio G35 Processor1 Year Manufacturer Warranty for Phone and 6 Months Warranty for in the Box Accessories,4.2
187,"Infinix Hot 12 Pro (Racing Black, 128 GB)","INR  12,999",8 GB RAM | 128 GB ROM | Expandable Upto 256 GB16.76 cm (6.6 inch) HD+ Display50 MP + Depth Lens | 8MP Front Camera5000 mAh Lithium-ion Polymer BatteryUnisoc T616 Processor1 Year on Handset and 6 Months on Accessories,4
188,"LAVA Blaze Nxt (Glass Green, 64 GB)","INR  8,599",4 GB RAM | 64 GB ROM | Expandable Upto 256 GB16.51 cm (6.5 inch) HD+ Display13MP Rear Camera | 8MP Front Camera5000 mAh BatteryMediaTek G37 Processor1 Year Handset Warranty and 6 Months Warranty on Accessories,4.3
189,"REDMI 10 Prime 2022 (Astral White, 64 GB)","INR  11,990",4 GB RAM | 64 GB ROM16.51 cm (6.5 inch) Display50MP Rear Camera6000 mAh Battery12 Months,4.2
190,"REDMI 10 Prime 2022 (Phantom Black, 64 GB)","INR  12,414",4 GB RAM | 64 GB ROM16.51 cm (6.5 inch) Display50MP Rear Camera6000 mAh Battery12 Months,4.2
191,"REDMI Note 11 (Horizon Blue, 64 GB)","INR  13,765",6 GB RAM | 64 GB ROM16.33 cm (6.43 inch) Display50MP Rear Camera5000 mAh Battery1 Year Manufacturer Warranty for Handset and 6 Months Warranty for In the Box Accessories,4.3
192,"REDMI Note 9 (Shadow Black, 128 GB)","INR  14,999",6 GB RAM | 128 GB ROM | Expandable Upto 512 GB16.59 cm (6.53 inch) Full HD+ Display48MP + 8MP + 2MP + 2MP | 13MP Front Camera5020 mAh BatteryMediaTek Helio G85 Processor1 Year Manufacturer Warranty for Device and 6 months Manufacturer Warranty for In-box Accessories Including Batteries from the Date of Purchase,4.3
193,"Infinix Hot 11S (Silver Wave, 128 GB)","INR  11,999",4 GB RAM | 128 GB ROM | Expandable Upto 256 GB17.22 cm (6.78 inch) Full HD+ Display50 MP + 2 MP + AI Lens | 8MP Front Camera5000 mAh Li-ion Polymer BatteryMediatek Helio G88 Processor1 Year on Handset and 6 Months on Accessories,4.3
194,"SAMSUNG Galaxy A04 (Green, 128 GB)","INR  12,999",4 GB RAM | 128 GB ROM | Expandable Upto 1 TB16.51 cm (6.5 inch) HD+ Display50MP + 2MP | 5MP Front Camera5000 mAh Lithium Ion BatteryMediatek Helio P35 Processor1 Year Manufacturer Warranty for Device and 6 Months Manufacturer Warranty for In-Box Accessories,4.1
195,"REDMI Note 10S (Deep Sea Blue, 64 GB)","INR  14,999",6 GB RAM | 64 GB ROM | Expandable Upto 512 GB16.33 cm (6.43 inch) Full HD+ Super AMOLED Display64MP + 8MP + 2MP + 2MP | 13MP Front Camera5000 mAh Lithium-Ploymer BatteryMediatek Helio G95 Processor1 Year Manufacturer Warranty for Phone and 6 Months Warranty for In the Box Accessories,4.4
196,"OPPO A57 (Glowing Gold, 64 GB)","INR  16,990",4 GB RAM | 64 GB ROM | Expandable Upto 1 TB16.66 cm (6.56 inch) HD+ Display13MP + 2MP | 8MP Front Camera5000 mAh Lithium-ion Polymer BatteryMediatek Helio G35 Processor1 Year Warranty for Phone and 6 Months Warranty for In-Box Accessories,4.4
197,"MOTOROLA g31 (Meteorite Grey, 64 GB)","INR  11,999",4 GB RAM | 64 GB ROM | Expandable Upto 1 TB16.26 cm (6.4 inch) Full HD+ Display50MP + 8MP + 2MP | 13MP Front Camera5000 mAh LiPo BatteryMediatek Helio G85 Processor1 Year on Handset and 6 Months on Accessories,4.2
198,"Infinix Hot 12 Pro (Electric Blue, 128 GB)","INR  12,999",8 GB RAM | 128 GB ROM | Expandable Upto 256 GB16.76 cm (6.6 inch) HD+ Display50 MP + Depth Lens | 8MP Front Camera5000 mAh Lithium-ion Polymer BatteryUnisoc T616 Processor1 Year on Handset and 6 Months on Accessories,4
199,"Infinix Note 11s (Haze Green, 64 GB)","INR  13,999",6 GB RAM | 64 GB ROM | Expandable Upto 512 GB17.65 cm (6.95 inch) Full HD+ Display50 MP + 2 MP Depth Lens + 2 MP Macro Lens | 16MP Front Camera5000 mAh Li-ion Polymer BatteryMediaTek Helio G96 Processor1 Year on Handset and 6 Months on Accessories,4.3
200,"vivo T1X (Space Blue, 128 GB)","INR  12,999",4 GB RAM | 128 GB ROM16.71 cm (6.58 inch) Full HD+ Display50MP + 2MP | 8MP Front Camera5000 mAh BatteryQualcomm Snapdragon 680 Processor1 Year on Handset and 6 Months on Accessories,4.5
201,"MOTOROLA G32 (Satin Silver, 64 GB)","INR  10,999",4 GB RAM | 64 GB ROM16.64 cm (6.55 inch) Full HD+ Display50MP + 8MP + 2MP | 16MP Front Camera5000 mAh Lithium Polymer BatteryQualcomm Snapdragon 680 Processor1 Year on Handset and 6 Months on Accessories,4.2
202,"Tecno Camon 19 (Sea Salt White, 128 GB)","INR  14,498","6 GB RAM | 128 GB ROM | Expandable Upto 512 GB17.27 cm (6.8 inch) Full HD+ Display64MP + 2MP | 16MP Front Camera5000 mAh BatteryMediaTek Helio G85 Processor1 Year Warranty for Handset, 6 Months for Accessories",4.2
203,"Infinix Note 12 TURBO (Force Black, 128 GB)","INR  13,999",8 GB RAM | 128 GB ROM | Expandable Upto 512 GB17.02 cm (6.7 inch) Full HD+ AMOLED Display50 MP + 2 MP Depth Lens + AI lens | 16MP Front Camera5000 mAh Li-ion Polymer BatteryMediatek Helio G96 Processor1 Year on Handset and 6 Months on Accessories,4.2
204,"vivo Y21E (Midnight Blue, 64 GB)","INR  11,650",3 GB RAM | 64 GB ROM16.54 cm (6.51 inch) Display13MP Rear Camera5000 mAh Battery12 months,4.3
205,"vivo Y22 (Metaverse Green, 128 GB)","INR  14,999",4 GB RAM | 128 GB ROM | Expandable Upto 1 TB16.64 cm (6.55 inch) HD+ Display50MP + 2MP | 8MP Front Camera5000 mAh Lithium BatteryMediatek Helio G70 Processor1 Year of Device & 6 Months for In-Box Accessories,4.3
206,"vivo Y20T (Obsidian Black, 64 GB)","INR  14,669",6 GB RAM | 64 GB ROM | Expandable Upto 1 TB16.54 cm (6.51 inch) HD+ Display13MP + 2MP + 2MP | 8MP Front Camera5000 mAh Lithium BatteryQualcomm Snapdragon 662 Processor1 Year for Handset and 6 Months for In-box Accessories,4.3
207,"vivo Y22 (Starlit Blue, 128 GB)","INR  14,999",4 GB RAM | 128 GB ROM | Expandable Upto 1 TB16.64 cm (6.55 inch) HD+ Display50MP + 2MP | 8MP Front Camera5000 mAh Lithium BatteryMediatek Helio G70 Processor1 Year of Device & 6 Months for In-Box Accessories,4.3
208,"REDMI 9 Activ (Coral Green, 64 GB)","INR  10,200",4 GB RAM | 64 GB ROM16.59 cm (6.53 inch) Display13MP Rear Camera5000 mAh Battery12 months,4.2
209,"MOTOROLA g42 (Metallic Rose, 64 GB)","INR  10,845",4 GB RAM | 64 GB ROM16.43 cm (6.47 inch) Full HD+ AMOLED Display50MP + 8MP + 2MP | 16MP Front Camera5000 mAh Lithium polymer BatteryQualcomm Snapdragon 680 Processor1 Year on Handset and 6 Months on Accessories,4.2
210,"OPPO A57 (glowing green, 64 GB)","INR  13,998",4 GB RAM | 64 GB ROM16.66 cm (6.56 inch) Display13MP Rear Camera5000 mAh Battery1 year warranty by brand,4.4
211,"SAMSUNG Galaxy A04e (Copper, 64 GB)","INR  9,999",3 GB RAM | 64 GB ROM | Expandable Upto 1 TB16.51 cm (6.5 inch) HD+ Display13MP + 2MP | 5MP Front Camera5000 mAh Lithium Ion BatteryMediatek Helio P35 Processor1 Year Manufacturer Warranty for Device and 6 Months Manufacturer Warranty for In-Box Accessories,4.4
212,"REDMI Note 11 (Horizon Blue, 64 GB)","INR  13,765",6 GB RAM | 64 GB ROM16.33 cm (6.43 inch) Display50MP Rear Camera5000 mAh Battery1 Year Manufacturer Warranty for Handset and 6 Months Warranty for In the Box Accessories,4.3
213,"Infinix Hot 12 Pro (Halo White, 128 GB)","INR  12,999",8 GB RAM | 128 GB ROM | Expandable Upto 256 GB16.76 cm (6.6 inch) HD+ Display50 MP + Depth Lens | 8MP Front Camera5000 mAh Lithium-ion Polymer BatteryUnisoc T616 Processor1 Year on Handset and 6 Months on Accessories,4
214,"LAVA YUVA 2 PRO (White, 64 GB)","INR  9,278",4 GB RAM | 64 GB ROM16.51 cm (6.5 inch) Display13MP Rear Camera5000 mAh Battery1 Year Handset Domestic Warranty and 6 Months Warranty on Accessories,4.3
215,"SAMSUNG Galaxy F22 (Denim Black, 64 GB)","INR  11,499",4 GB RAM | 64 GB ROM | Expandable Upto 1 TB16.26 cm (6.4 inch) HD+ Display48MP + 8MP + 2MP + 2MP | 13MP Front Camera6000 mAh Lithium-ion BatteryMediaTek Helio G80 Processor1 Year Warranty Provided by the Manufacturer from Date of Purchase,4.3
216,"realme 9i (Prism Blue, 64 GB)","INR  13,499",4 GB RAM | 64 GB ROM | Expandable Upto 1 TB16.76 cm (6.6 inch) Full HD+ Display50MP + 2MP + 2MP | 16MP Front Camera5000 mAh Lithium ion BatteryQualcomm Snapdragon 680 (SM6225) Processor1 Year Manufacturer Warranty for Phone and 6 Months Warranty for in the Box Accessories,4.5
217,"vivo Y21E (Midnight Blue, 64 GB)","INR  11,650",3 GB RAM | 64 GB ROM16.54 cm (6.51 inch) Display13MP Rear Camera5000 mAh Battery12 months,4.3
218,"Infinix Hot 11S (Silver Wave, 128 GB)","INR  11,999",4 GB RAM | 128 GB ROM | Expandable Upto 256 GB17.22 cm (6.78 inch) Full HD+ Display50 MP + 2 MP + AI Lens | 8MP Front Camera5000 mAh Li-ion Polymer BatteryMediatek Helio G88 Processor1 Year on Handset and 6 Months on Accessories,4.3
219,"OPPO A57 (glowing green, 64 GB)","INR  13,998",4 GB RAM | 64 GB ROM16.66 cm (6.56 inch) Display13MP Rear Camera5000 mAh Battery1 year warranty by brand,4.4
220,"OPPO A57 (Glowing Black, 64 GB)","INR  13,999",4 GB RAM | 64 GB ROM | Expandable Upto 1 TB16.66 cm (6.56 inch) HD+ Display13MP + 2MP | 8MP Front Camera5000 mAh Lithium-ion Polymer BatteryMediatek Helio G35 Processor1 Year Warranty for Phone and 6 Months Warranty for In-Box Accessories,4.4
221,"OPPO A57 (Glowing Green, 64 GB)","INR  13,999",4 GB RAM | 64 GB ROM | Expandable Upto 1 TB16.66 cm (6.56 inch) HD+ Display13MP + 2MP | 8MP Front Camera5000 mAh Lithium-ion Polymer BatteryMediatek Helio G35 Processor1 Year Warranty for Phone and 6 Months Warranty for In-Box Accessories,4.4
222,"SAMSUNG Galaxy A04e (Copper, 64 GB)","INR  9,999",3 GB RAM | 64 GB ROM | Expandable Upto 1 TB16.51 cm (6.5 inch) HD+ Display13MP + 2MP | 5MP Front Camera5000 mAh Lithium Ion BatteryMediatek Helio P35 Processor1 Year Manufacturer Warranty for Device and 6 Months Manufacturer Warranty for In-Box Accessories,4.4
223,"Infinix Hot 12 Pro (Halo White, 128 GB)","INR  12,999",8 GB RAM | 128 GB ROM | Expandable Upto 256 GB16.76 cm (6.6 inch) HD+ Display50 MP + Depth Lens | 8MP Front Camera5000 mAh Lithium-ion Polymer BatteryUnisoc T616 Processor1 Year on Handset and 6 Months on Accessories,4
224,"SAMSUNG GALAXY M13 5G (Aqua Green, 64 GB)","INR  13,399",4 GB RAM | 64 GB ROM16.51 cm (6.5 inch) Display50MP Rear Camera5000 mAh Battery12 Months Warranty,4.1
225,"vivo Y16 (Steller Black, 64 GB)","INR  12,989",4 GB RAM | 64 GB ROM16.54 cm (6.51 inch) Display13MP Rear Camera5000 mAh Battery1 Year of Device & 6 Months for In-Box Accessories,4.3
226,"SAMSUNG Galaxy F22 (Denim Black, 64 GB)","INR  11,499",4 GB RAM | 64 GB ROM | Expandable Upto 1 TB16.26 cm (6.4 inch) HD+ Display48MP + 8MP + 2MP + 2MP | 13MP Front Camera6000 mAh Lithium-ion BatteryMediaTek Helio G80 Processor1 Year Warranty Provided by the Manufacturer from Date of Purchase,4.3
227,"REDMI Note 10T 5G (Chromium White, 128 GB)","INR  15,999","6 GB RAM | 128 GB ROM16.66 cm (6.56 inch) Full HD+ Display48MP Primary Camera + 2MP Macro Lens + 2MP Depth Sensor | 8MP Front Camera5000 mAh Lithium Polymer BatteryMediatek Dimensity 700 ProcessorMax GPU Frequency: 950 MHz, Supports GAME Turbo 3.0, UFS2.2 Storage, Reading Mode 3.0, 360 Degree Ambient Light Sensors, Supports 18W Fast Charging1 Year Manufacturer Warranty for Phone and 6 Months Warranty for In the Box Accessories",4.2
228,"realme 9i (Prism Black, 128 GB)","INR  14,999",4 GB RAM | 128 GB ROM | Expandable Upto 1 TB16.76 cm (6.6 inch) Full HD+ Display50MP + 2MP + 2MP | 16MP Front Camera5000 mAh Lithium ion BatteryQualcomm Snapdragon 680 (SM6225) Processor1 Year Manufacturer Warranty for Phone and 6 Months Warranty for in the Box Accessories,4.5
229,"realme 9i (Prism Blue, 64 GB)","INR  13,499",4 GB RAM | 64 GB ROM | Expandable Upto 1 TB16.76 cm (6.6 inch) Full HD+ Display50MP + 2MP + 2MP | 16MP Front Camera5000 mAh Lithium ion BatteryQualcomm Snapdragon 680 (SM6225) Processor1 Year Manufacturer Warranty for Phone and 6 Months Warranty for in the Box Accessories,4.5
230,"SAMSUNG Galaxy A04s (Green, 64 GB)","INR  12,499",4 GB RAM | 64 GB ROM16.51 cm (6.5 inch) HD+ Display50MP + 50MP + 2MP + 2MP | 5MP Front Camera5000 mAh Lithium-ion BatteryExynos Octa Core Processor Processor1 Year Manufacturer Warranty For Device And 6 Months Manufacturer Warranty For In-box Accessories,4.2
231,"LAVA Blaze Nxt (Glass Green, 64 GB)","INR  8,599",4 GB RAM | 64 GB ROM | Expandable Upto 256 GB16.51 cm (6.5 inch) HD+ Display13MP Rear Camera | 8MP Front Camera5000 mAh BatteryMediaTek G37 Processor1 Year Handset Warranty and 6 Months Warranty on Accessories,4.3
232,"Infinix Note 12 TURBO (Jewel Blue, 128 GB)","INR  13,999",8 GB RAM | 128 GB ROM | Expandable Upto 512 GB17.02 cm (6.7 inch) Full HD+ AMOLED Display50 MP + 2 MP Depth Lens + AI lens | 16MP Front Camera5000 mAh Li-ion Polymer BatteryMediatek Helio G96 Processor1 Year on Handset and 6 Months on Accessories,4.2
233,"vivo Y02 (Cosmic Grey, 32 GB)","INR  12,999",3 GB RAM | 32 GB ROM16.54 cm (6.51 inch) HD+ Display8MP Rear Camera | 5MP Front Camera5000 mAh BatteryMediaTek P22 Processor1 Year of Device & 6 Months for In-Box Accessories,4.3
234,"realme C35 (Glowing Green, 128 GB)","INR  13,999",4 GB RAM | 128 GB ROM | Expandable Upto 1 TB16.76 cm (6.6 inch) Full HD+ Display50MP + 2MP + 0.3MP | 8MP Front Camera5000 mAh Lithium Polymer BatteryUnisoc Tiger T616 Processor1 Year Warranty for Phone and 6 Months Warranty for In-Box Accessories,4.4
235,"Tecno Pova 3 (Eco Black, 128 GB)","INR  13,999","6 GB RAM | 128 GB ROM | Expandable Upto 512 GB17.53 cm (6.9 inch) Full HD+ Display50MP + 2MP + 2MP | 8MP Front Camera7000 mAh BatteryMediaTek Helio G88 ProcessorOne Year Warranty for Handset, 6 Months for Accessories",4.1
236,"Tecno Camon 19 (Eco Black, 128 GB)","INR  13,985","6 GB RAM | 128 GB ROM | Expandable Upto 512 GB17.27 cm (6.8 inch) Full HD+ Display64MP + 2MP | 16MP Front Camera5000 mAh BatteryMediaTek Helio G85 Processor1 Year Warranty for Handset, 6 Months for Accessories",4.2
237,"realme Narzo 50 (Speed Blue, 64 GB)","INR  11,790",4 GB RAM | 64 GB ROM | Expandable Upto 256 GB16.76 cm (6.6 inch) Full HD+ Display50MP + 2MP + 2MP | 16MP Front Camera5000 mAh Lithium Polymer BatteryMediatek Helio G96 Processor1 Year Warranty for Phone and 6 Months Warranty for In-Box Accessories,4.4
238,"realme C21 (Cross Blue, 64 GB)","INR  10,499",4 GB RAM | 64 GB ROM | Expandable Upto 256 GB16.51 cm (6.5 inch) HD+ Display13MP + 2MP + 2MP | 5MP Front Camera5000 mAh BatteryMediaTek Helio G35 Processor1 Year Warranty for Mobile and 6 Months for Accessories,4.4
239,"IQOO Z6 Lite 5G (Without Charger) (Stellar Green, 64 GB)","INR  14,290",4 GB RAM | 64 GB ROM16.97 cm (6.68 inch) Display50MP Rear Camera5000 mAh Battery1 Year,4.2
240,"Nokia G11 Plus (Blue, 64 GB)","INR  13,999",4 GB RAM | 64 GB ROM16.55 cm (6.517 inch) HD+ Display50MP + 2MP | 8MP + 2MP Dual Front Camera5000 mAh Lithium Polymer BatteryOcta Core Processor Processor1 Year Manufacturer Warranty For Device and 6 Months Manufacturer Warranty For in-box Accessories Including Battery From The Date of Purchase,3.7
